observationID,deploymentID,mediaID,eventID,eventStart,eventEnd,observationLevel,observationType,cameraSetupType,scientificName,count,lifeStage,sex,behavior,individualID,individualPositionRadius,individualPositionAngle,individualSpeed,bboxX,bboxY,bboxWidth,bboxHeight,classificationMethod,classifiedBy,classificationTimestamp,classificationProbability,observationTags,observationComments
61877fdf-7379-4470-8dad-b72971a8720a,0295d49e-a604-4b87-b22e-b6c140fb2807,,c18953ba-d184-4b31-b41f-6ca80da77001,2022-10-29T13:31:45+10:00,2022-10-29T13:31:45+10:00,event,animal,,Mammalia,1,,,,,,,,,,,,machine,wildobs national,2026-03-03T03:18:46Z,0.84,,
d0941e93-a633-4a00-9d2f-4401ea9c3de1,0295d49e-a604-4b87-b22e-b6c140fb2807,,66760181-e84e-4691-a246-74a1568d4a7b,2022-11-17T20:04:33+10:00,2022-11-17T20:04:33+10:00,event,animal,,Thylogale stigmatica,1,,,,,,,,,,,,machine,wildobs national,2026-03-03T03:18:44Z,1.0,,
db786dcc-5fb6-48c5-b07d-bd9b4527fb51,0295d49e-a604-4b87-b22e-b6c140fb2807,,381b7892-ef7c-47fd-97d2-975750efa0c4,2022-12-03T05:54:55+10:00,2022-12-03T05:54:55+10:00,event,animal,,Thylogale stigmatica,1,,,,,,,,,,,,machine,wildobs national,2026-03-03T03:18:42Z,1.0,,
a047d73d-4182-4756-8a39-42ee8f0ed3ad,0295d49e-a604-4b87-b22e-b6c140fb2807,,7c8dcedd-7fff-41bc-9014-fd8c8303cbaf,2023-02-05T23:30:47+10:00,2023-02-05T23:30:47+10:00,event,animal,,Thylogale stigmatica,1,,,,,,,,,,,,machine,wildobs national,2026-03-03T03:18:45Z,0.82,,
a8858d0b-4aac-4026-8f38-93c646593e55,1a2ea69e-b54b-4283-aadd-04a8af4c62c8,,c6aba3fe-80f0-4280-a1be-fae383828006,2023-01-04T08:37:53+10:00,2023-01-04T08:37:53+10:00,event,animal,,Casuarius casuarius,1,,,,,,,,,,,,machine,wildobs national,2026-03-03T02:21:17Z,1.0,,
ddfc11d8-ae4b-456a-b207-242a80b92e3f,27f7757b-24c2-49d9-9a61-918fd621d6fe,,62a8d0f0-da9d-4782-9845-ffbec7c0f3d7,2023-01-13T20:32:09+10:00,2023-01-13T20:32:09+10:00,event,animal,,Uromys caudimaculatus,1,,,,,,,,,,,,machine,wildobs national,2026-03-03T03:22:43Z,1.0,,
63a892e1-c77e-4cda-83ed-b4f8b0c03def,27f7757b-24c2-49d9-9a61-918fd621d6fe,,047280c3-a465-446a-999b-90c742ec7a19,2023-02-20T19:15:38+10:00,2023-02-20T19:15:38+10:00,event,animal,,Uromys caudimaculatus,1,,,,,,,,,,,,machine,wildobs national,2026-03-03T03:22:42Z,1.0,,
a29e13c8-c870-4561-bfbc-2ccbc17bd8a8,2fc0c250-8cc2-4374-83a3-2e3a2b7f6017,,6a3438d7-e657-4728-8aec-6e63c0a6759e,2023-05-21T05:18:25+10:00,2023-05-21T05:18:25+10:00,event,animal,,canis lupus dingo,1,,,,,,,,,,,,machine,wildobs national,2026-03-30T12:59:22Z,1.0,,
fb582755-a6e0-425b-95fb-0b05babf0184,2fc0c250-8cc2-4374-83a3-2e3a2b7f6017,,7fd960e8-1fd0-4407-aa59-06eeeccd9d08,2023-05-23T06:03:13+10:00,2023-05-23T06:03:13+10:00,event,animal,,antechinus agilis,1,,,,,,,,,,,,machine,wildobs national,2026-03-30T12:59:24Z,0.98,,
a6f33dc3-6cc0-477e-8bed-8354e05a62ee,2fc0c250-8cc2-4374-83a3-2e3a2b7f6017,,2ecf4853-1e88-4fb5-88fa-4f7656e47360,2023-05-25T15:16:35+10:00,2023-05-25T15:16:35+10:00,event,animal,,canis lupus dingo,1,,,,,,,,,,,,machine,wildobs national,2026-03-30T12:59:21Z,1.0,,
b5d0adad-32bd-4ff3-877f-72a6c9e6b779,358e39c5-7d06-4a19-8fed-d2580f6291d2,,9f6fffb1-c1ba-497b-97e4-f23cfc0bcc18,2022-10-12T17:37:42+10:00,2022-10-12T17:37:48+10:00,event,animal,,Casuarius casuarius,1,,,,,,,,,,,,machine,wildobs national,2026-03-03T01:17:08Z,1.0,,
5c282ab7-eb8f-40bf-a7f1-b1b826dbb451,358e39c5-7d06-4a19-8fed-d2580f6291d2,,98bd036b-5cdd-4748-82c8-6ce3d3fdbe5e,2023-02-03T07:28:47+10:00,2023-02-03T07:28:47+10:00,event,animal,,Casuarius casuarius,1,,,,,,,,,,,,machine,wildobs national,2026-03-03T01:17:06Z,1.0,,
c5be0996-400c-478b-b8f2-ba704bf0dcea,358e39c5-7d06-4a19-8fed-d2580f6291d2,,d4a878f2-0d1e-4776-867f-c3bf2bdff3e9,2023-02-06T17:37:15+10:00,2023-02-06T17:37:15+10:00,event,animal,,Casuarius casuarius,1,,,,,,,,,,,,machine,wildobs national,2026-03-03T01:17:09Z,1.0,,
41972b61-1e1d-4c35-b329-7f484f7a0b44,42544b34-a744-4b04-a769-b1c5dc68129b,,634d4dbc-68a3-485d-b1b1-855bb31f8559,2021-11-05T11:37:27+10:00,2021-11-05T11:37:27+10:00,event,animal,,Dama dama,1,,,,,,,,,,,,machine,wildobs national,2026-03-11T00:40:44Z,1.0,,
0ba41841-c0c4-4674-9d5a-6f502aef4a69,42544b34-a744-4b04-a769-b1c5dc68129b,,ac5d73b9-2ae2-4457-b649-5a41432b6256,2022-01-24T21:26:35+10:00,2022-01-24T21:26:35+10:00,event,animal,,Dama dama,1,,,,,,,,,,,,machine,wildobs national,2026-03-11T00:40:46Z,0.91,,
cbd453ae-26c9-4531-80f7-1e39763cdadc,42544b34-a744-4b04-a769-b1c5dc68129b,,8b58fcfd-1946-49ad-ac57-0d73569d410d,2022-04-23T12:01:39+10:00,2022-04-23T12:01:39+10:00,event,animal,,Dama dama,1,,,,,,,,,,,,machine,wildobs national,2026-03-11T00:40:45Z,1.0,,
6679f85e-9d66-4da7-ab14-b61067a0a5c3,45c8e64c-d4d6-48e7-94a7-3f7f92da1afe,,ee1cf46d-2cbc-45c8-8603-be2dd5dad825,2023-01-05T07:14:25+10:00,2023-01-05T07:14:25+10:00,event,animal,,Sus scrofa,1,,,,,,,,,,,,machine,wildobs national,2026-02-27T04:47:02Z,1.0,,
fa52bde3-e128-4c93-80b5-e3c3b3a60046,45c8e64c-d4d6-48e7-94a7-3f7f92da1afe,,6021ffbf-6de9-4385-8d34-7ccb50d33b70,2023-01-08T07:06:40+10:00,2023-01-08T07:06:40+10:00,event,animal,,Sus scrofa,1,,,,,,,,,,,,machine,wildobs national,2026-02-27T04:47:01Z,1.0,,
80c2a226-188f-441e-aa61-d6dd70d24e51,45c8e64c-d4d6-48e7-94a7-3f7f92da1afe,,d0b724fa-6f9f-4f64-ae93-ebe61f82b40c,2023-01-17T18:44:33+10:00,2023-01-17T18:44:33+10:00,event,animal,,Sus scrofa,1,,,,,,,,,,,,machine,wildobs national,2026-02-27T04:47:01Z,1.0,,
ac25e79f-2641-4b26-8c5c-36e28d1c8bc6,47d425d3-79d7-4dfa-be4b-3653ef8dc9b3,,b1ee4b68-1229-4e13-99e4-218649da3dd8,2022-12-04T06:00:14+10:00,2022-12-04T06:00:14+10:00,event,animal,,Heteromyias cinereifrons,1,,,,,,,,,,,,machine,wildobs national,2026-03-09T05:33:02Z,1.0,,
9226eedd-2329-464d-8f63-a9bb3841e7d5,47d425d3-79d7-4dfa-be4b-3653ef8dc9b3,,6d12bde5-1a2b-43ab-b183-b9e69353f43e,2022-12-08T06:21:49+10:00,2022-12-08T06:21:49+10:00,event,animal,,Perameles nasuta,1,,,,,,,,,,,,machine,wildobs national,2026-03-09T05:33:01Z,0.99,,
09166124-118d-44b7-a533-1aad82dabd0f,47d425d3-79d7-4dfa-be4b-3653ef8dc9b3,,1639fdd6-0008-4344-b2fb-debdf8e2951a,2022-12-08T06:23:51+10:00,2022-12-08T06:23:51+10:00,event,animal,,Heteromyias cinereifrons,1,,,,,,,,,,,,machine,wildobs national,2026-03-09T05:32:47Z,1.0,,
2ef23f6f-106d-49fc-aaff-e357b3887632,50fa9738-4de2-47e6-92bd-996db1fb7696,,ffd87444-5b1d-439e-b398-8a617f27f1bb,2025-05-12T20:00:40+10:00,2025-05-12T20:00:40+10:00,event,animal,,Perameles nasuta,2,,,,,,,,,,,,machine,wildobs national,2026-03-12T00:14:50Z,0.99,,
d6db8db6-356c-4549-af18-ee8c0a518f6b,50fa9738-4de2-47e6-92bd-996db1fb7696,,def8810c-7be2-48d3-9bca-cc1cda7a4d5a,2025-05-24T21:35:01+10:00,2025-05-24T21:35:01+10:00,event,animal,,Perameles nasuta,1,,,,,,,,,,,,machine,wildobs national,2026-03-12T00:14:48Z,0.87,,
bf78a578-a4e1-412b-83e6-9e09815879c2,50fa9738-4de2-47e6-92bd-996db1fb7696,,33a0fa40-c6f9-4fbb-8924-d7041ccbe5c7,2025-06-04T02:39:54+10:00,2025-06-04T02:39:54+10:00,event,animal,,Perameles nasuta,1,,,,,,,,,,,,machine,wildobs national,2026-03-12T00:14:48Z,0.93,,
d77eb527-6735-47c6-be97-ca047e405a0d,70065a1b-e995-4401-a8cb-3a62a71a4812,,9a6b9824-f957-4324-8635-b9469834dad9,2022-12-30T23:48:40+10:00,2022-12-30T23:48:40+10:00,event,animal,,Felis catus,1,,,,,,,,,,,,machine,wildobs national,2026-03-09T05:22:55Z,1.0,,
3aa56d6a-354b-47de-97e2-e5a450636fa8,70065a1b-e995-4401-a8cb-3a62a71a4812,,2772b1c6-5e41-42f5-b174-8ddbe156ea44,2023-01-03T22:55:56+10:00,2023-01-03T22:55:56+10:00,event,animal,,Felis catus,1,,,,,,,,,,,,machine,wildobs national,2026-03-09T05:22:54Z,0.98,,
3c2f411c-6bc2-4b9d-bc75-bf572d22ee3b,70065a1b-e995-4401-a8cb-3a62a71a4812,,d9ff5744-edc8-4ca2-a236-adf6f5cec73f,2023-03-04T20:42:37+10:00,2023-03-04T20:42:37+10:00,event,animal,,Felis catus,1,,,,,,,,,,,,machine,wildobs national,2026-03-09T05:22:56Z,1.0,,
f792db72-e140-4ad8-b51c-3303e803dee9,8bfb8ed1-d9ed-48ee-a083-720bdabdf636,,1c14f830-2ba0-4710-a7d9-9f66c80ae576,2023-05-25T10:40:27+10:00,2023-05-25T10:40:27+10:00,event,animal,,canis lupus dingo,1,,,,,,,,,,,,machine,wildobs national,2026-03-30T12:59:11Z,1.0,,
d2dc89ac-5993-47f3-88e2-ee05737b288b,8bfb8ed1-d9ed-48ee-a083-720bdabdf636,,3b106f88-768a-4975-ba9d-bee1e47d416e,2023-05-26T00:19:36+10:00,2023-05-26T00:19:36+10:00,event,animal,,canis lupus dingo,1,,,,,,,,,,,,machine,wildobs national,2026-03-30T12:59:13Z,0.99,,
60039d1e-dbfd-460a-a2d8-53a952925bd6,8bfb8ed1-d9ed-48ee-a083-720bdabdf636,,646bda85-2cd9-48b9-b665-f94de01989d7,2023-06-01T10:32:08+10:00,2023-06-01T10:32:08+10:00,event,animal,,canis lupus dingo,1,,,,,,,,,,,,machine,wildobs national,2026-03-30T12:59:16Z,1.0,,
be1e44e0-b55d-4734-acad-640fcaa68f31,8bfb8ed1-d9ed-48ee-a083-720bdabdf636,,61da62b8-652f-43a8-a04b-5245e76f022e,2023-06-08T21:10:51+10:00,2023-06-08T21:10:51+10:00,event,animal,,canis lupus dingo,1,,,,,,,,,,,,machine,wildobs national,2026-03-30T12:59:15Z,1.0,,
1cf2bd67-70fe-4756-a928-ef9b999654fc,9c9b5688-2983-4727-80a5-8f41f7399ab3,,7667a532-c566-4565-8dc6-2165915a77cf,2022-12-30T10:13:16+10:00,2022-12-30T10:13:16+10:00,event,animal,,Megapodius reinwardt,1,,,,,,,,,,,,machine,wildobs national,2026-02-27T04:28:18Z,1.0,,
939d4662-ee6f-4f55-a698-f1edd431dd14,9c9b5688-2983-4727-80a5-8f41f7399ab3,,c827d19b-4577-4ea6-8963-c6334a249c42,2022-12-31T09:37:23+10:00,2022-12-31T09:37:23+10:00,event,animal,,Megapodius reinwardt,1,,,,,,,,,,,,machine,wildobs national,2026-02-27T04:28:20Z,1.0,,
6e64663c-1e42-41ec-924c-5ca542698f8b,9c9b5688-2983-4727-80a5-8f41f7399ab3,,e7b62c40-2ba2-44e8-a64f-4ff20fde4a0f,2023-01-01T06:08:43+10:00,2023-01-01T06:08:43+10:00,event,animal,,Mammalia,1,,,,,,,,,,,,machine,wildobs national,2026-02-27T04:28:22Z,1.0,,
509dd191-fea2-483b-a32b-33f91223a069,9c9b5688-2983-4727-80a5-8f41f7399ab3,,9eb9fcf6-cf1d-444e-bc39-714c2ca8083e,2023-02-15T12:34:50+10:00,2023-02-15T12:34:50+10:00,event,animal,,Megapodius reinwardt,2,,,,,,,,,,,,machine,wildobs national,2026-02-27T04:28:19Z,1.0,,
094fde6d-7e21-4bc6-90d1-3354fe56be98,bca9f464-6a0a-475b-ba6f-be363080105f,,369bc184-ed67-4440-acfe-eaea12e41091,2023-01-05T06:16:07+10:00,2023-01-05T06:16:07+10:00,event,animal,,Orthonyx spaldingii,1,,,,,,,,,,,,machine,wildobs national,2026-03-03T01:35:31Z,1.0,,
07014b8f-9acd-4814-a5d6-866ce1b116be,e3634ec7-f072-4714-80b2-8692da5fbc00,,a24c7528-e71e-440f-9a51-1c15786363d2,2022-10-18T17:41:40+10:00,2022-10-18T17:41:40+10:00,event,animal,,Orthonyx spaldingii,1,,,,,,,,,,,,machine,wildobs national,2026-03-03T01:39:30Z,1.0,,
8fa3f26d-3420-4ce7-883e-2f49d65d3c10,f1720ef7-27d8-4a45-81ab-9aeccee1e834,,678cc529-e86b-4640-a763-71a3df838803,2022-10-03T10:07:51+10:00,2022-10-03T10:07:51+10:00,event,animal,,Alectura lathami,1,,,,,,,,,,,,machine,wildobs national,2026-04-29T05:54:23Z,1.0,,
81727eb9-0626-43fb-be08-6c88b73836a2,f1720ef7-27d8-4a45-81ab-9aeccee1e834,,81727eb9-0626-43fb-be08-6c88b73836a2,2022-10-08T07:19:52+10:00,2022-10-08T07:19:52+10:00,event,unclassified,,,,,,,,,,,,,,,,,,,,
e11fa0ac-a1f7-43fa-b53f-4f7752b31add,f1720ef7-27d8-4a45-81ab-9aeccee1e834,,d550c954-f9e6-402f-8635-7ed5439fac24,2022-10-14T07:36:41+10:00,2022-10-14T07:36:41+10:00,event,animal,,Alectura lathami,1,,,,,,,,,,,,machine,wildobs national,2026-04-29T05:54:48Z,0.99,,
df1189da-8dd7-4844-9e83-8e5e0ac3431c,f1720ef7-27d8-4a45-81ab-9aeccee1e834,,5f0c7f11-a71c-400e-9c72-7e918d861778,2022-10-23T06:42:51+10:00,2022-10-23T06:42:51+10:00,event,animal,,Alectura lathami,1,,,,,,,,,,,,machine,wildobs national,2026-04-29T05:54:20Z,1.0,,
9aa6ce66-7178-44d6-8fb7-6aa188779184,f1720ef7-27d8-4a45-81ab-9aeccee1e834,,3b855dd5-edb7-473a-9765-23f7e8446171,2022-11-03T18:05:19+10:00,2022-11-03T18:05:19+10:00,event,animal,,Alectura lathami,1,,,,,,,,,,,,machine,wildobs national,2026-04-29T05:53:43Z,1.0,,
95c96db3-f972-4ac3-9385-74d6eae7e038,f1720ef7-27d8-4a45-81ab-9aeccee1e834,,87200ad2-c6c5-41de-8965-802eb8ad5451,2022-11-05T11:42:56+10:00,2022-11-05T11:42:56+10:00,event,animal,,Alectura lathami,2,,,,,,,,,,,,machine,wildobs national,2026-04-29T05:54:29Z,0.97,,
fbddb46e-f58a-426c-8156-03f769f0634b,f1720ef7-27d8-4a45-81ab-9aeccee1e834,,d1373704-d48e-45e6-83e9-77f4da88fca8,2022-11-12T14:46:47+10:00,2022-11-12T14:46:47+10:00,event,animal,,Alectura lathami,1,,,,,,,,,,,,machine,wildobs national,2026-04-29T05:54:47Z,1.0,,
79747f82-b1ac-4a76-98c6-8a787fd238e8,f1720ef7-27d8-4a45-81ab-9aeccee1e834,,22f2b9ce-a416-4126-995e-eb097d144200,2022-11-22T17:27:51+10:00,2022-11-22T17:27:51+10:00,event,animal,,Alectura lathami,1,,,,,,,,,,,,machine,wildobs national,2026-04-29T05:53:33Z,1.0,,
e6d00104-9ee0-4483-b052-1ff5e1cebf78,f1720ef7-27d8-4a45-81ab-9aeccee1e834,,cc586796-1666-462b-a225-8ad70d0c5223,2022-12-04T15:08:48+10:00,2022-12-04T15:08:48+10:00,event,animal,,Alectura lathami,1,,,,,,,,,,,,machine,wildobs national,2026-04-29T05:54:46Z,1.0,,
75235df0-31ba-415e-a5b3-3ee925573a73,f1720ef7-27d8-4a45-81ab-9aeccee1e834,,78da2980-4f0a-4f2b-9769-a13327f6d73c,2022-12-16T16:39:09+10:00,2022-12-16T16:39:09+10:00,event,animal,,Alectura lathami,1,,,,,,,,,,,,machine,wildobs national,2026-04-29T05:54:25Z,1.0,,
9222bb59-e9a6-4ec9-9ce2-ff0df18413c2,f1720ef7-27d8-4a45-81ab-9aeccee1e834,,69b567a8-d0d9-4414-b9d1-1ea0e123c5fe,2022-12-18T11:32:30+10:00,2022-12-18T11:32:30+10:00,event,animal,,Alectura lathami,1,,,,,,,,,,,,machine,wildobs national,2026-04-29T05:54:24Z,1.0,,
567fee58-a9d0-4cd2-8cb5-30cfabddae83,f1720ef7-27d8-4a45-81ab-9aeccee1e834,,7f5e0f0c-20e1-403b-8308-7b1082063eea,2022-12-22T10:18:31+10:00,2022-12-22T10:18:31+10:00,event,animal,,Aves,1,,,,,,,,,,,,machine,wildobs national,2026-04-29T05:54:27Z,0.78,,
f50db17c-7f52-4821-b442-692e8f8b1587,f1720ef7-27d8-4a45-81ab-9aeccee1e834,,7e12fb7c-2aa8-4804-b5dd-6423b6599ec1,2022-12-28T13:33:06+10:00,2022-12-28T13:33:06+10:00,event,animal,,Alectura lathami,1,,,,,,,,,,,,machine,wildobs national,2026-04-29T05:54:26Z,1.0,,
eb3ce39e-6e47-449d-8daf-07fa8a6ad56c,f1720ef7-27d8-4a45-81ab-9aeccee1e834,,880a9263-28d0-48b6-84f8-a0ae14297156,2022-12-28T14:10:46+10:00,2022-12-28T14:10:46+10:00,event,animal,,canis lupus dingo,1,,,,,,,,,,,,machine,wildobs national,2026-04-29T05:54:32Z,0.93,,
05cfef9d-468f-4cc5-abc0-4c1878d1e432,f1720ef7-27d8-4a45-81ab-9aeccee1e834,,0e9a52bb-4f33-4663-924a-aee463d625c7,2022-12-29T10:33:10+10:00,2022-12-29T10:33:10+10:00,event,animal,,Alectura lathami,1,,,,,,,,,,,,machine,wildobs national,2026-04-29T05:53:32Z,0.99,,
8f680440-eb62-44d7-906e-8c787de2c43c,f1720ef7-27d8-4a45-81ab-9aeccee1e834,,55c7cb54-5646-4e9e-a43d-e5491afd8867,2022-12-29T14:44:12+10:00,2022-12-29T14:44:12+10:00,event,animal,,Alectura lathami,1,,,,,,,,,,,,machine,wildobs national,2026-04-29T05:54:18Z,1.0,,
2f6b44e4-9b5c-4980-8ae6-fee05a8bd4c3,f1720ef7-27d8-4a45-81ab-9aeccee1e834,,2da55aa7-1085-49b9-a0c5-db4c0f40f9fd,2022-12-30T05:46:24+10:00,2022-12-30T05:46:24+10:00,event,human,,Homo sapiens,1,,,,,,,,,,,,machine,wildobs national,2026-04-29T05:53:36Z,0.95,,
e5b5bdfe-0c32-4ca3-b4b5-305d7177a219,f1720ef7-27d8-4a45-81ab-9aeccee1e834,,0101665a-55b4-43c4-8909-3388107d2548,2022-12-30T09:38:45+10:00,2022-12-30T09:38:45+10:00,event,animal,,Alectura lathami,1,,,,,,,,,,,,machine,wildobs national,2026-04-29T05:53:30Z,1.0,,
471fc8a1-470f-45fa-bffb-238a188834aa,f1720ef7-27d8-4a45-81ab-9aeccee1e834,,2fc4fcd6-73d7-4e4a-822e-7f48750f79e5,2022-12-30T10:47:03+10:00,2022-12-30T10:47:03+10:00,event,animal,,Alectura lathami,1,,,,,,,,,,,,machine,wildobs national,2026-04-29T05:53:40Z,1.0,,
8318fa79-4ce2-4c63-a51f-37d8d9cd1a8d,f1720ef7-27d8-4a45-81ab-9aeccee1e834,,2e3e0321-2f37-43bf-9542-cb64c4782187,2022-12-31T15:25:48+10:00,2022-12-31T15:25:48+10:00,event,animal,,Alectura lathami,1,,,,,,,,,,,,machine,wildobs national,2026-04-29T05:53:37Z,1.0,,
2dcf223e-a40c-4e91-bf69-b4e47c00a41a,f1720ef7-27d8-4a45-81ab-9aeccee1e834,,5279ba30-380d-4a0b-9157-64e3b37e1dae,2023-01-05T13:00:25+10:00,2023-01-05T13:00:25+10:00,event,animal,,Alectura lathami,1,,,,,,,,,,,,machine,wildobs national,2026-04-29T05:54:17Z,1.0,,
456e439a-1414-4ba8-a15b-6d90d60d313d,f1720ef7-27d8-4a45-81ab-9aeccee1e834,,87e1a14a-624c-4b0f-adcc-9986a0be70e2,2023-01-05T17:36:43+10:00,2023-01-05T17:36:43+10:00,event,animal,,Mammalia,1,,,,,,,,,,,,machine,wildobs national,2026-04-29T05:54:30Z,0.87,,
81e6427b-cf6c-4fca-9a5f-1e15e5bee127,f1720ef7-27d8-4a45-81ab-9aeccee1e834,,428367a5-41c0-45f2-abd0-94ac848f08b1,2023-01-06T17:01:43+10:00,2023-01-06T17:01:43+10:00,event,human,,Homo sapiens,1,,,,,,,,,,,,machine,wildobs national,2026-04-29T05:54:15Z,0.93,,
246274aa-2ea3-45d7-a02d-97bc889cbca4,f1720ef7-27d8-4a45-81ab-9aeccee1e834,,ecb8dcec-f6da-4e03-9eec-f0e76ab45cfa,2023-01-06T17:54:52+10:00,2023-01-06T17:54:52+10:00,event,animal,,Megapodius reinwardt,1,,,,,,,,,,,,machine,wildobs national,2026-04-29T05:54:51Z,1.0,,
595f020b-519a-4ab6-8f2e-e730920453a7,f1720ef7-27d8-4a45-81ab-9aeccee1e834,,3a2b42f9-40f0-4cfd-a353-6c526e0307ba,2023-01-08T13:17:04+10:00,2023-01-08T13:17:04+10:00,event,animal,,Alectura lathami,1,,,,,,,,,,,,machine,wildobs national,2026-04-29T05:53:41Z,1.0,,
51cc39b8-0d56-4b71-8389-15722a0175f8,f1720ef7-27d8-4a45-81ab-9aeccee1e834,,0a490c9a-1a91-4d8e-9c90-48c711418e1b,2023-01-12T17:15:52+10:00,2023-01-12T17:15:52+10:00,event,animal,,Alectura lathami,1,,,,,,,,,,,,machine,wildobs national,2026-04-29T05:53:31Z,1.0,,
f25b063c-b0af-475e-9712-cc07b82f6c5e,f1720ef7-27d8-4a45-81ab-9aeccee1e834,,f618b52e-4172-4b0e-828f-6fb9486b6592,2023-01-13T11:53:21+10:00,2023-01-13T11:53:21+10:00,event,animal,,Alectura lathami,1,,,,,,,,,,,,machine,wildobs national,2026-04-29T05:54:53Z,1.0,,
92254083-191d-4e55-9399-d34bd50a3677,f1720ef7-27d8-4a45-81ab-9aeccee1e834,,97e069c6-75c8-4ac2-88bc-7acd7ed6ee26,2023-01-15T08:56:40+10:00,2023-01-15T08:56:40+10:00,event,animal,,Alectura lathami,1,,,,,,,,,,,,machine,wildobs national,2026-04-29T05:54:35Z,1.0,,
6c0be942-6b42-4f49-bf19-94f6b24fc65c,f1720ef7-27d8-4a45-81ab-9aeccee1e834,,8db0c94d-8d56-407f-8f31-6177ed3fcdb0,2023-01-16T10:20:41+10:00,2023-01-16T10:20:41+10:00,event,blank,,,,,,,,,,,,,,,machine,wildobs national,2026-04-29T05:54:33Z,0.5,,
07acffb5-14df-4d76-a9b6-77758d133e94,f1720ef7-27d8-4a45-81ab-9aeccee1e834,,39ba64e2-0cec-4a0f-a1d0-09ab890efe4b,2023-01-18T06:38:24+10:00,2023-01-18T06:38:24+10:00,event,animal,,Alectura lathami,1,,,,,,,,,,,,machine,wildobs national,2026-04-29T05:53:41Z,0.97,,
1527cbd3-44fc-40d9-b404-969c1e258a0b,f1720ef7-27d8-4a45-81ab-9aeccee1e834,,ad39f169-581f-4e8d-a490-5720ec5f2fdd,2023-01-18T10:51:09+10:00,2023-01-18T10:51:09+10:00,event,animal,,Alectura lathami,1,,,,,,,,,,,,machine,wildobs national,2026-04-29T05:54:41Z,1.0,,
cc324762-6003-4ab1-b4fa-2e61ed2db1fc,f1720ef7-27d8-4a45-81ab-9aeccee1e834,,8fe55c5c-009f-43f4-8f75-aae272ed84bc,2023-01-18T12:02:25+10:00,2023-01-18T12:02:25+10:00,event,animal,,Alectura lathami,1,,,,,,,,,,,,machine,wildobs national,2026-04-29T05:54:34Z,1.0,,
78bae16e-69c6-4e81-ac4a-ff22725a53af,f1720ef7-27d8-4a45-81ab-9aeccee1e834,,8c3aecb1-a25d-4bdc-8187-299e62fec2ff,2023-01-21T10:47:43+10:00,2023-01-21T10:47:43+10:00,event,animal,,Aves,1,,,,,,,,,,,,machine,wildobs national,2026-04-29T05:54:33Z,0.96,,
e9488870-0200-4a1f-a66e-0578d2827930,f1720ef7-27d8-4a45-81ab-9aeccee1e834,,d843ca47-badc-4e2f-b846-fbc203d8b83b,2023-01-29T10:37:09+10:00,2023-01-29T10:37:09+10:00,event,animal,,Alectura lathami,1,,,,,,,,,,,,machine,wildobs national,2026-04-29T05:54:49Z,1.0,,
68107c21-c4bf-4bdf-be8a-23a1e9480eb4,f1720ef7-27d8-4a45-81ab-9aeccee1e834,,e5228b40-5836-4686-9fc5-572403fedfd6,2023-01-29T12:43:29+10:00,2023-01-29T12:43:29+10:00,event,animal,,Alectura lathami,1,,,,,,,,,,,,machine,wildobs national,2026-04-29T05:54:50Z,1.0,,
df15c822-d200-4591-9422-5b57ee7c3d76,f1720ef7-27d8-4a45-81ab-9aeccee1e834,,2d780750-2c46-417a-a9b9-3fe3c61258be,2023-01-29T16:54:16+10:00,2023-01-29T16:54:16+10:00,event,animal,,Alectura lathami,1,,,,,,,,,,,,machine,wildobs national,2026-04-29T05:53:35Z,0.99,,
ac34ccf9-d1fb-4990-b598-046d141b73ab,f1720ef7-27d8-4a45-81ab-9aeccee1e834,,b80e2870-a84a-4575-ad00-aba379903ff1,2023-02-05T09:22:27+10:00,2023-02-05T09:22:27+10:00,event,animal,,Alectura lathami,1,,,,,,,,,,,,machine,wildobs national,2026-04-29T05:54:44Z,1.0,,
6107f0d1-cfe4-450b-a550-44679d245a34,f1720ef7-27d8-4a45-81ab-9aeccee1e834,,f08684e8-5e0f-4e10-98de-1cc6451800f3,2023-02-10T14:12:22+10:00,2023-02-10T14:12:22+10:00,event,animal,,Alectura lathami,1,,,,,,,,,,,,machine,wildobs national,2026-04-29T05:54:52Z,0.92,,
a954b7dd-d08e-49f7-9649-39d22c4de639,f1720ef7-27d8-4a45-81ab-9aeccee1e834,,a6daea79-6cff-4eec-a2bf-a2df967df9a5,2023-02-10T16:06:20+10:00,2023-02-10T16:06:20+10:00,event,animal,,Pitta versicolor,1,,,,,,,,,,,,machine,wildobs national,2026-04-29T05:54:38Z,0.94,,
bde7b5ad-6b5b-45e9-824d-0b368f53876e,f1720ef7-27d8-4a45-81ab-9aeccee1e834,,a72d684f-e588-4f91-a6f9-437aad9ab295,2023-02-11T07:09:45+10:00,2023-02-11T07:09:45+10:00,event,animal,,Orthonyx spaldingii,1,,,,,,,,,,,,machine,wildobs national,2026-04-29T05:54:39Z,1.0,,
85044448-01b7-4390-ad3a-629b6c21fb47,f1720ef7-27d8-4a45-81ab-9aeccee1e834,,65e31d8d-ea3c-4339-8216-dc618896f1cb,2023-02-11T07:43:10+10:00,2023-02-11T07:43:10+10:00,event,animal,,Alectura lathami,1,,,,,,,,,,,,machine,wildobs national,2026-04-29T05:54:22Z,1.0,,
5435e977-84fd-42ff-8f12-b09c1b91fff0,f1720ef7-27d8-4a45-81ab-9aeccee1e834,,c4bd4ba3-030d-4ee0-a15c-5834732b8dfa,2023-02-14T17:29:05+10:00,2023-02-14T17:29:05+10:00,event,animal,,Alectura lathami,1,,,,,,,,,,,,machine,wildobs national,2026-04-29T05:54:45Z,1.0,,
51172e66-aed2-4c19-969a-2c85ab16ac76,f1720ef7-27d8-4a45-81ab-9aeccee1e834,,b12f3ce4-b10b-49c9-8563-049965d86353,2023-02-19T09:06:14+10:00,2023-02-19T09:06:14+10:00,event,animal,,Alectura lathami,1,,,,,,,,,,,,machine,wildobs national,2026-04-29T05:54:42Z,1.0,,
31d6c38a-360b-4297-bd80-ffdb38bc7375,f1720ef7-27d8-4a45-81ab-9aeccee1e834,,9cb82d23-4b9a-4523-a507-443abe8a1149,2023-02-21T08:04:46+10:00,2023-02-21T08:04:46+10:00,event,animal,,Alectura lathami,1,,,,,,,,,,,,machine,wildobs national,2026-04-29T05:54:36Z,1.0,,
66e0c107-3f0c-4638-a414-b93380c98184,f1720ef7-27d8-4a45-81ab-9aeccee1e834,,b413a04d-b355-4212-8a29-1abefbd6dd52,2023-02-21T10:45:38+10:00,2023-02-21T10:45:38+10:00,event,animal,,Alectura lathami,1,,,,,,,,,,,,machine,wildobs national,2026-04-29T05:54:43Z,1.0,,
120772e4-b477-4c56-aef3-4f6b0ca58101,f1720ef7-27d8-4a45-81ab-9aeccee1e834,,48bfe412-05f1-49e4-8ba4-5e0cd8c4729d,2023-02-26T18:01:22+10:00,2023-02-26T18:01:22+10:00,event,animal,,Alectura lathami,1,,,,,,,,,,,,machine,wildobs national,2026-04-29T05:54:16Z,1.0,,
400fd9c4-60fd-49c0-b974-6d53771f7f1a,f1720ef7-27d8-4a45-81ab-9aeccee1e834,,5ef8d06c-e1f4-4ef4-b6fa-331c03d51480,2023-03-05T13:02:07+10:00,2023-03-05T13:02:07+10:00,event,animal,,Alectura lathami,1,,,,,,,,,,,,machine,wildobs national,2026-04-29T05:54:19Z,1.0,,
13736863-f85c-4c0e-9821-283822ce2624,f1720ef7-27d8-4a45-81ab-9aeccee1e834,,2b1e6fa6-aed2-4acb-bf85-67cd2dacea09,2023-03-10T08:37:43+10:00,2023-03-10T08:37:43+10:00,event,animal,,Alectura lathami,1,,,,,,,,,,,,machine,wildobs national,2026-04-29T05:53:34Z,1.0,,
e24df6c8-cccf-4dcf-8557-bfd7cee25e6f,f1720ef7-27d8-4a45-81ab-9aeccee1e834,,a05ce973-f50b-4ab7-a438-f9f778c1652d,2023-03-12T07:21:28+10:00,2023-03-12T07:21:28+10:00,event,animal,,Alectura lathami,1,,,,,,,,,,,,machine,wildobs national,2026-04-29T05:54:37Z,1.0,,
